"base_repo_original","repo_stars","repo_forks","repo_createdAt","repo_updatedAt","repo_url","is_mozilla_repo"
"mozilla/pdf.js",43373,9492,"2011-04-26T06:32:03Z","2023-08-07T11:21:11Z","https://mozilla.github.io/pdf.js/","false"
"mozilla/pluotsorbet",231,49,"2014-07-11T06:23:27Z","2023-07-30T18:26:21Z","","false"
"mozilla-b2g/gaia",2099,2305,"2011-09-03T01:38:46Z","2023-07-24T23:00:57Z","https://wiki.mozilla.org/B2G","false"
"gkatsev/vtt.js",63,41,"2014-11-21T19:49:09Z","2023-07-21T16:25:35Z","http://dev.w3.org/html5/webvtt/","false"
"andreasgal/dom.js",472,39,"2011-03-18T23:02:06Z","2023-06-21T18:52:04Z","","false"
"cisco/openh264",5069,1771,"2013-10-27T20:20:31Z","2023-08-07T13:15:28Z",,"false"
"danielrh/losslessh264",1059,146,"2015-05-13T03:55:23Z","2023-08-01T19:58:10Z","https://github.com/dropbox/avrecode","false"
"xiph/daala",530,103,"2014-08-19T04:41:00Z","2023-08-05T03:01:53Z","https://xiph.org/daala/","false"
"google/gemmlowp",1685,452,"2015-07-06T21:15:00Z","2023-08-07T06:44:51Z","","false"
"mozilla/shumway",3697,433,"2011-12-18T15:22:51Z","2023-07-30T23:16:39Z","","false"
"andreasgal/zipfile.js",62,9,"2013-06-01T17:35:37Z","2023-06-15T15:05:10Z",,"false"
"peterbraden/node-opencv",4312,868,"2012-01-14T22:59:50Z","2023-08-05T01:52:48Z","","false"
"rust-windowing/glutin",1868,463,"2014-07-27T07:13:16Z","2023-08-06T22:38:02Z","","false"
"servo/rust-azure",57,59,"2012-04-11T00:57:13Z","2023-05-05T07:03:36Z","","false"
"tomaka/winit",3585,740,"2016-02-23T11:17:06Z","2023-08-07T09:06:55Z","https://docs.rs/winit/","false"
"pouchdb/pouchdb",15865,1470,"2010-06-10T18:34:24Z","2023-08-07T10:03:03Z","https://pouchdb.com/","false"
"rust-lang/rust",84135,11162,"2010-06-16T20:39:03Z","2023-08-07T13:15:33Z","https://www.rust-lang.org","false"
"rust-random/rand",1418,406,"2015-02-03T05:59:32Z","2023-08-03T04:26:29Z","https://crates.io/crates/rand","false"
"servo/servo",23512,2745,"2012-02-08T19:07:25Z","2023-08-07T09:20:39Z","https://servo.org/","false"
"silklabs/silk",165,29,"2016-04-16T02:31:25Z","2023-04-26T09:00:52Z","","false"
"shelljs/shelljs",13900,760,"2012-03-02T17:04:47Z","2023-08-07T10:43:05Z","https://www.npmjs.com/package/shelljs","false"
"arturadib/agility",545,74,"2011-06-21T20:44:05Z","2023-06-27T04:31:41Z","http://agilityjs.com","false"
"arturadib/strapdown",2492,423,"2012-08-13T02:31:58Z","2023-06-29T12:11:54Z","http://strapdownjs.com","false"
"arturadib/node-qt",1590,183,"2012-02-22T01:49:24Z","2023-08-05T17:30:19Z","http://documentup.com/arturadib/node-qt","false"
"arturadib/node-five",301,35,"2012-01-13T20:21:36Z","2023-04-30T13:49:01Z","http://documentup.com/arturadib/node-five","false"
"NZKoz/rails_xss",215,39,"2009-06-26T05:51:18Z","2022-05-30T05:41:12Z","","false"
"amdjs/backbone",629,88,"2012-01-13T01:37:23Z","2023-07-04T21:17:12Z","","false"
"jashkenas/backbone",28030,5544,"2010-09-30T19:41:28Z","2023-08-07T07:53:50Z","http://backbonejs.org","false"
"jruby/warbler",876,200,"2008-03-01T18:46:46Z","2023-07-25T13:40:59Z","","false"
"nodegit/nodegit",5477,732,"2011-02-18T16:42:46Z","2023-08-06T22:30:34Z","https://www.nodegit.org/","false"
"unknownbrackets/maxcso",315,18,"2014-10-25T18:33:44Z","2023-08-04T22:40:46Z",,"false"
"mozilla/platform-status",157,65,"2015-09-30T17:25:18Z","2023-01-28T07:41:39Z","https://platform-status.mozilla.org/","true"
"brendandahl/pdf.js.utils",100,64,"2013-08-07T22:00:31Z","2023-07-31T20:23:37Z",,"false"
"mozilla/oghliner",115,17,"2015-09-09T14:42:56Z","2023-07-11T05:43:08Z","https://mozilla.github.io/oghliner/","true"
"mozilla/serviceworker-cookbook",2660,325,"2015-09-22T17:28:47Z","2023-08-07T13:53:24Z","","true"
"mozilla/pdfjs-dist",917,503,"2014-09-22T18:56:51Z","2023-08-05T12:01:35Z",,"true"
"WebAssembly/binaryen",6573,672,"2015-10-29T20:26:28Z","2023-08-07T04:11:37Z","","false"
"mozilla-releng/services",48,93,"2016-02-04T22:07:22Z","2023-07-28T17:39:02Z","https://docs.mozilla-releng.net","true"
"mozilla/release-services",48,93,"2016-02-04T22:07:22Z","2023-07-28T17:39:02Z","https://docs.mozilla-releng.net","false"
"mozilla/treeherder",242,367,"2013-02-27T19:17:37Z","2023-08-05T08:47:00Z","https://treeherder.mozilla.org","false"
"mozilla/wp-offline-shell",52,16,"2016-01-21T20:22:04Z","2023-01-28T18:02:30Z",,"false"
"mozilla/relman-auto-nag",34,53,"2012-02-15T00:38:03Z","2023-05-05T11:26:03Z","","true"
"mozilla/bztools",34,53,"2012-02-15T00:38:03Z","2023-05-05T11:26:03Z","","true"
"willglynn/pdb",303,53,"2017-01-17T18:38:34Z","2023-08-05T21:50:20Z","https://docs.rs/pdb/","false"
"maxbrunsfeld/node-tree-sitter-javascript",245,93,"2014-07-30T07:40:50Z","2023-07-25T08:52:07Z","","false"
"maxbrunsfeld/tree-sitter-javascript",245,93,"2014-07-30T07:40:50Z","2023-07-25T08:52:07Z","","false"
"tree-sitter/tree-sitter-cpp",177,58,"2016-01-15T19:04:48Z","2023-08-04T01:01:59Z","","false"
"maxbrunsfeld/tree-sitter-c",154,68,"2014-09-06T06:53:51Z","2023-07-25T13:53:05Z","","false"
"llvm-mirror/compiler-rt",289,333,"2012-01-28T00:20:36Z","2023-07-21T14:55:26Z","http://compiler-rt.llvm.org/","false"
"apple/swift-llvm",816,193,"2015-11-02T21:31:16Z","2023-08-04T18:15:57Z",,"false"
"apple/swift-clang",675,175,"2015-11-02T21:31:45Z","2023-08-04T18:16:00Z",,"false"
"llvm-mirror/clang",3006,1699,"2012-01-28T00:00:24Z","2023-08-02T16:30:01Z","https://github.com/llvm/llvm-project","false"
"tree-sitter/tree-sitter-python",226,105,"2016-12-15T06:22:25Z","2023-08-04T23:42:58Z",,"false"
"mozilla-services/socorro",564,235,"2011-08-24T19:21:49Z","2023-07-21T21:21:31Z","https://crash-stats.mozilla.org/","false"
"bill-mccloskey/searchfox",185,60,"2015-03-16T05:03:18Z","2023-07-12T09:55:37Z","https://searchfox.org/","false"
"gimli-rs/gimli",716,92,"2016-06-15T00:39:04Z","2023-08-05T04:14:53Z","https://docs.rs/gimli/","false"
"peterbe/premailer",1041,188,"2009-07-15T10:59:28Z","2023-07-24T17:52:52Z","https://premailer.io","false"
"pygments/pygments",1370,548,"2019-08-31T15:46:03Z","2023-08-07T11:13:21Z","http://pygments.org/","false"
"apache/karaf",627,653,"2010-08-12T03:32:41Z","2023-08-06T09:39:14Z",,"false"
"netty/netty",31596,15504,"2010-11-09T09:22:21Z","2023-08-07T09:25:00Z","http://netty.io","false"
"raphw/byte-buddy",5670,705,"2013-11-25T19:38:03Z","2023-08-07T12:18:44Z","https://bytebuddy.net","false"
"JodaOrg/joda-time",4924,965,"2011-05-16T16:49:57Z","2023-08-03T11:51:26Z","http://www.joda.org/joda-time/","false"
"bripkens/dock",221,35,"2014-07-28T21:43:01Z","2023-06-15T19:54:54Z","","false"
"mhevery/jasmine-node",1531,306,"2010-03-08T05:10:05Z","2023-07-25T13:41:47Z","","false"
"census-instrumentation/opencensus-java",673,204,"2016-07-28T22:10:03Z","2023-07-31T17:36:42Z","https://opencensus.io","false"
"codecentric/NSMenuFX",130,25,"2015-03-30T11:50:53Z","2023-08-04T07:39:30Z",,"false"
"mrdoob/three.js",93691,34873,"2010-03-23T18:58:01Z","2023-08-07T13:29:10Z","https://threejs.org/","false"
"raphw/weak-lock-free",108,17,"2016-03-28T16:02:53Z","2023-04-20T13:34:26Z",,"false"
"symfony/symfony",28572,9166,"2010-01-04T14:21:21Z","2023-08-07T09:47:52Z","https://symfony.com","false"
"FasterXML/jackson-core",2172,740,"2011-12-23T02:00:51Z","2023-08-03T18:00:48Z","","false"
"FasterXML/jackson-databind",3327,1315,"2011-12-23T07:17:41Z","2023-08-05T17:15:32Z","","false"
"JCTools/JCTools",3305,526,"2013-11-10T18:04:40Z","2023-08-07T13:31:04Z","http://jctools.github.io/JCTools","false"
"aws/aws-sdk-java",3985,2846,"2010-03-22T23:34:58Z","2023-08-05T08:30:13Z","https://aws.amazon.com/sdkforjava","false"
"codecentric/spring-boot-admin",11833,3044,"2014-07-25T11:39:13Z","2023-08-07T09:41:37Z","","false"
"jhalterman/expiringmap",927,142,"2010-10-23T00:33:04Z","2023-08-03T01:53:54Z","","false"
"lettuce-io/lettuce-core",5067,910,"2014-05-10T13:08:46Z","2023-08-07T00:51:37Z","https://lettuce.io","false"
"mp911de/lettuce",5067,910,"2014-05-10T13:08:46Z","2023-08-07T00:51:37Z","https://lettuce.io","false"
"rnorth/test-containers",7227,1480,"2015-04-12T12:44:59Z","2023-08-06T19:47:58Z","https://testcontainers.com","false"
"testcontainers/testcontainers-java",7227,1480,"2015-04-12T12:44:59Z","2023-08-06T19:47:58Z","https://testcontainers.com","false"
"scalatra/scalatra",2610,340,"2009-05-31T09:20:32Z","2023-08-04T06:33:53Z","http://scalatra.org","false"
"charliesome/rustboot",1499,236,"2013-05-26T14:57:53Z","2023-08-07T08:06:07Z",,"false"
"haileys/rustboot",1499,236,"2013-05-26T14:57:53Z","2023-08-07T08:06:07Z",,"false"
"ryanra/RustOS",403,16,"2014-07-21T07:41:54Z","2023-06-09T05:10:00Z","","false"
"fitzgen/wu.js",865,38,"2010-05-22T05:56:33Z","2023-07-06T08:16:13Z","http://fitzgen.github.com/wu.js/","false"
"Homebrew/homebrew-core",12669,11687,"2016-03-01T06:58:36Z","2023-08-07T12:23:34Z","https://brew.sh","false"
"Homebrew/legacy-homebrew",27108,11622,"2009-05-20T19:38:37Z","2023-08-06T22:51:26Z","https://brew.sh","false"
"Linuxbrew/legacy-linuxbrew",2241,313,"2013-04-04T09:18:42Z","2023-07-27T05:47:35Z","http://linuxbrew.sh","false"
"mistydemeo/tigerbrew",481,139,"2012-12-07T23:23:18Z","2023-07-20T21:27:38Z",,"false"
"argonaut-io/argonaut",545,112,"2012-12-09T12:11:48Z","2023-06-14T00:44:46Z","https://argonaut-io.github.io/argonaut.io/","false"
"node-inspector/node-inspector",12627,751,"2010-07-17T23:20:19Z","2023-08-03T07:54:28Z","","false"
"slick/slick",2608,614,"2009-02-20T22:51:53Z","2023-08-07T10:43:20Z","https://scala-slick.org/","false"
"snapframework/snap-website",77,26,"2010-05-22T04:07:17Z","2022-07-20T12:05:53Z","http://snapframework.com/","false"
"spring-attic/spring-security-oauth",4667,4088,"2011-07-26T18:08:49Z","2023-08-04T02:14:09Z","http://github.com/spring-projects/spring-security-oauth","false"
"saebekassebil/teoria",1272,124,"2011-11-14T19:28:53Z","2023-08-04T16:16:19Z","http://saebekassebil.github.io/teoria","false"
"saebekassebil/piu",40,3,"2013-07-22T21:41:03Z","2023-08-01T03:07:26Z",,"false"
"saebekassebil/musicjson",95,15,"2011-08-24T11:58:07Z","2023-02-28T08:02:51Z","","false"
"andrewplummer/Sugar",4506,326,"2011-07-12T18:19:34Z","2023-08-05T06:55:39Z","https://sugarjs.com/","false"
"codemirror/codemirror5",26091,5029,"2011-01-14T13:44:03Z","2023-08-07T09:36:02Z","http://codemirror.net/5/","false"
"fgnass/domino",746,103,"2012-01-17T23:19:38Z","2023-06-21T18:52:00Z","","false"
"nandub/hubot-irc",302,136,"2011-11-27T07:20:23Z","2023-07-26T02:17:28Z","","false"
"processing-js/processing-js",3092,910,"2011-01-22T21:07:41Z","2023-07-28T20:59:41Z","http://processingjs.org/","false"
"mozilla/butter",281,139,"2011-07-04T16:02:06Z","2023-07-31T22:28:41Z","http://mozillapopcorn.org","false"
"mozilla/popcorn.webmaker.org",145,124,"2013-05-10T20:15:43Z","2023-01-27T22:47:31Z","https://blog.mozilla.org/foundation-archive/mozilla-learning/product-update-for-appmaker-and-popcorn-maker/","false"
"mozilla/webmaker.org",70,99,"2013-03-14T17:01:22Z","2023-01-28T20:22:59Z","https://webmaker.org","false"
"mozilla/popcorn-js",2151,645,"2010-05-21T17:40:35Z","2023-08-05T21:31:12Z","","true"
"mozilla/donate.mozilla.org",63,57,"2015-06-09T14:14:58Z","2023-07-28T17:38:43Z","https://donate.mozilla.org","false"
"mozilla/login.webmaker.org",32,62,"2012-09-13T18:40:20Z","2023-01-28T12:41:04Z","https://login.webmaker.org","false"
"mozilla/thimble.mozilla.org",1418,543,"2013-04-10T15:54:34Z","2023-07-28T17:37:55Z","https://glitch.com","false"
"jbuck/express-persona",67,16,"2012-09-20T23:40:09Z","2021-08-25T07:21:06Z","http://jbuck.github.com/express-persona","false"
"mozilla-appmaker/appmaker",426,196,"2013-07-22T22:09:17Z","2023-05-30T19:19:39Z","","false"
"jbuck/input.js",59,11,"2011-10-15T19:05:16Z","2023-06-27T05:36:36Z","","false"
"mozilla/advocacy.mozilla.org",174,34,"2014-06-25T00:17:15Z","2023-07-28T17:38:20Z","https://advocacy.mozilla.org","true"
"atmos/camo",1754,395,"2010-11-13T02:56:46Z","2023-07-28T02:38:55Z","","true"
"mozilla/openbadges-badgekit",123,84,"2013-10-15T14:23:03Z","2023-01-28T13:02:01Z","https://badgekit.org","true"
"brianloveswords/habitat",38,8,"2012-10-04T19:10:44Z","2020-09-22T06:12:03Z",,"false"
"mozilla/fxa-auth-server",402,120,"2013-05-13T21:42:48Z","2023-06-16T16:20:48Z","","true"
"mozilla/fxa-content-server",165,128,"2013-07-30T23:35:35Z","2023-07-07T20:44:19Z","","true"
"mozilla/nunjucks",8211,677,"2012-08-09T05:40:44Z","2023-08-07T08:54:21Z","https://mozilla.github.io/nunjucks/","false"
"mozilla/bedrock",1116,945,"2011-04-14T22:57:57Z","2023-08-04T16:30:23Z","https://www.mozilla.org","false"
"gladiusjs/gladius-core",447,48,"2011-06-06T18:50:16Z","2023-06-27T04:33:10Z","","false"
"mozilla/fxa-oauth-server",48,40,"2014-02-13T22:41:50Z","2023-01-28T23:10:03Z","","true"
"mozilla/popcorn_maker",33,29,"2012-04-20T11:01:05Z","2023-03-10T23:45:26Z",,"true"
"mozilla/webmaker-browser",43,35,"2015-03-02T16:28:36Z","2023-04-28T07:17:25Z","https://webmaker.org","false"
"Automattic/knox",1740,294,"2010-09-16T18:05:43Z","2023-07-23T11:14:59Z","","false"
"helmetjs/helmet",9687,401,"2012-02-01T22:54:45Z","2023-08-07T12:09:01Z","https://helmetjs.github.io/","false"
"mozilla/TLS-Observer",519,97,"2014-09-11T15:23:25Z","2023-07-29T17:35:36Z","","true"
"mozilla/idea-town",251,123,"2015-08-12T21:27:27Z","2023-03-27T15:53:18Z","https://testpilot.firefox.com/","true"
"mozilla/idea-town-server",251,123,"2015-08-12T21:27:27Z","2023-03-27T15:53:18Z","https://testpilot.firefox.com/","true"
"mozilla/tls-observatory",519,97,"2014-09-11T15:23:25Z","2023-07-29T17:35:36Z","","false"
"mozilla/webmaker-android",167,113,"2014-07-28T23:25:53Z","2023-07-11T12:45:52Z","https://play.google.com/store/apps/details?id=org.mozilla.webmaker","false"
"venables/koa-helmet",642,42,"2014-03-29T22:04:48Z","2023-07-18T12:05:31Z","","false"
"JedWatson/node-premailer",74,7,"2012-10-22T02:56:59Z","2023-06-19T00:30:32Z","","false"
"brianchirls/Seriously.js",3846,372,"2011-09-10T16:50:41Z","2023-07-30T00:05:11Z","","false"
"devongovett/png.js",477,91,"2011-08-06T16:22:58Z","2023-06-25T10:22:40Z","http://devongovett.github.com/png.js","false"
"donejs/donejs",1354,164,"2010-02-11T00:19:31Z","2023-07-20T16:56:13Z","https://donejs.com","false"
"emberfeather/less.js-middleware",269,77,"2012-03-23T19:51:26Z","2023-03-13T05:37:29Z","","false"
"imakewebthings/deck.js",5417,650,"2011-05-24T04:23:15Z","2023-08-04T17:24:15Z","http://imakewebthings.com/deck.js","false"
"jsfiddle/togetherjs",6984,892,"2012-12-05T00:15:41Z","2023-08-06T23:09:04Z","https://togetherjs.com","false"
"mongoosastic/mongoosastic",1070,340,"2014-10-24T16:44:30Z","2023-07-30T05:38:03Z","https://mongoosastic.github.io/mongoosastic/","false"
"twitwi/deck.js",36,9,"2011-12-02T00:06:58Z","2021-03-22T08:22:54Z","http://home.heeere.com/tech-deckjs-ext.html","false"
"SparkyBluefang/S4E",60,18,"2012-12-30T03:16:37Z","2023-01-28T08:11:41Z",,"false"
"ajaxorg/ace",25845,5315,"2010-10-27T10:43:36Z","2023-08-07T12:38:11Z","https://ace.c9.io","false"
"jviereck/regexp.js",51,8,"2013-02-03T08:33:05Z","2022-11-18T06:14:56Z",,"false"
"jviereck/regjsparser",68,19,"2013-11-03T15:35:34Z","2023-02-19T15:39:01Z","http://www.julianviereck.de/regjsparser/","false"
"VirtualCSS/planning",66,0,"2015-03-31T20:06:53Z","2022-04-08T13:05:37Z",,"false"
"joewalker/gcli",389,89,"2010-12-22T13:44:33Z","2023-07-13T12:57:23Z","","false"
"adobe/brackets",33408,7951,"2011-12-07T21:14:40Z","2023-08-07T06:49:18Z","http://brackets.io","false"
"babel/babel",42441,5698,"2014-09-28T13:38:23Z","2023-08-07T11:41:22Z","https://babel.dev","false"
"benoitsteiner/tensorflow-opencl",465,88,"2016-06-03T17:03:42Z","2023-06-20T11:40:30Z","","false"
"codemix/fast.js",3426,131,"2014-06-24T11:23:42Z","2023-06-28T14:19:22Z",,"false"
"ryanackley/tailor",166,19,"2013-06-25T14:35:09Z","2022-07-14T10:56:04Z","http://brackets.io","false"
"tensorflow/tensorflow",176743,88767,"2015-11-07T01:19:20Z","2023-08-07T13:55:54Z","https://tensorflow.org","false"
"tomerfiliba-org/rpyc",1424,237,"2009-03-08T11:23:29Z","2023-08-04T22:36:32Z","http://rpyc.readthedocs.org","false"
"babel/babylon",1713,274,"2016-03-10T05:49:43Z","2023-07-27T06:04:10Z","https://github.com/babel/babel/tree/master/packages/babel-parser","false"
"emailjs/emailjs-imap-client",526,123,"2014-02-23T14:49:23Z","2023-07-23T03:27:57Z","","false"
"facebook/react",211415,44342,"2013-05-24T16:15:54Z","2023-08-07T13:55:07Z","https://react.dev","false"
"localForage/localForage",22624,1263,"2013-10-31T00:10:06Z","2023-08-07T10:42:54Z","https://localforage.github.io/localForage","false"
"petewarden/tensorflow_makefile",70,116,"2016-05-20T02:28:53Z","2023-01-20T08:16:12Z",,"false"
"stack-of-tasks/eigenpy",136,34,"2014-07-15T16:55:01Z","2023-08-04T07:03:34Z","","false"
"tensorflow/docs",5833,5238,"2018-04-12T22:23:12Z","2023-08-07T13:06:53Z","https://www.tensorflow.org","false"
"tensorflow/docs-l10n",640,620,"2020-01-23T18:15:35Z","2023-08-02T08:55:59Z","https://gitlocalize.com/tensorflow/docs-l10n","false"
"tensorflow/examples",7311,7289,"2018-07-16T22:11:56Z","2023-08-07T04:21:58Z","https://www.tensorflow.org","false"
"mozilla-mobile/firefox-ios",11524,2780,"2014-11-03T19:07:02Z","2023-08-07T02:22:48Z","","false"
"justindarc/fxos-web-server",63,10,"2014-12-09T03:06:45Z","2023-04-06T02:39:20Z",,"false"
"mozilla-mobile/focus-ios",1232,270,"2015-11-09T16:24:13Z","2023-08-04T20:39:13Z","","true"
"justindarc/raphael.chord.js",40,14,"2011-08-02T03:10:38Z","2023-05-06T14:25:20Z","http://justindarc.github.com/raphael.chord.js/","false"
"getsentry/sentry-swift",693,276,"2016-04-05T18:55:09Z","2023-08-07T11:31:38Z","https://sentry.io/for/cocoa/","false"
"cefsharp/CefSharp",9382,2888,"2010-12-03T15:23:23Z","2023-08-07T08:39:21Z","http://cefsharp.github.io/","false"
"mamedev/mame",6848,1787,"2013-11-11T14:32:13Z","2023-08-07T04:44:10Z","https://www.mamedev.org/","false"
"mozilla/firefox-ios-open-in-client",41,20,"2015-07-07T18:54:21Z","2023-04-11T15:55:57Z","","true"
"cyber-dojo/web",71,21,"2016-06-13T16:05:47Z","2023-01-03T15:02:15Z","https://cyber-dojo.org","false"
"bitmovin/bitmovin-player-ui",121,69,"2016-12-20T10:09:11Z","2023-07-31T06:17:02Z",,"false"
"JulianNorton/weather-10kb",153,50,"2016-08-17T23:13:05Z","2023-04-13T17:16:51Z","https://wxkb.juliannorton.com","false"
"jlord/patchwork",1083,39546,"2014-01-10T00:00:11Z","2023-08-01T08:39:11Z","http://jlord.github.io/patchwork","false"
"sendgrid/sendgrid-nodejs",2867,777,"2012-01-06T01:06:59Z","2023-07-26T15:29:12Z","https://sendgrid.com","false"
"nrc/rustc-perf",522,138,"2015-02-22T02:04:12Z","2023-08-07T02:39:51Z","https://perf.rust-lang.org","false"
"servo/webrender",2875,266,"2015-09-21T21:27:30Z","2023-08-07T03:58:25Z","https://doc.servo.org/webrender/","false"
"luser/sccache2",4464,469,"2016-04-26T20:44:16Z","2023-08-07T11:22:43Z","","false"
"mozilla/sccache",4464,469,"2016-04-26T20:44:16Z","2023-08-07T11:22:43Z","","true"
"clap-rs/clap",11762,940,"2015-02-25T13:36:33Z","2023-08-07T04:46:30Z","docs.rs/clap","false"
"rust-lang/cargo",10762,2106,"2014-03-04T23:20:42Z","2023-08-07T10:58:44Z","https://doc.rust-lang.org/cargo","false"
"servo/rust-mozjs",293,123,"2012-03-29T02:07:23Z","2023-07-30T23:26:07Z","","false"
"google/breakpad",2353,698,"2016-02-29T16:14:14Z","2023-08-04T11:48:56Z","https://chromium.googlesource.com/breakpad/breakpad","false"
"rust-lang/hashbrown",2050,244,"2018-10-28T21:58:58Z","2023-08-07T12:18:40Z","https://rust-lang.github.io/hashbrown","false"
"servo/string-cache",175,76,"2014-06-20T09:44:33Z","2023-08-04T09:06:29Z","","false"
"twitter/hogan.js",5138,466,"2011-12-21T19:58:09Z","2023-08-06T09:36:58Z","http://twitter.github.io/hogan.js","false"
"flightjs/flight",6550,565,"2013-01-30T19:59:30Z","2023-08-07T06:46:00Z","http://flightjs.github.io/","false"
"sayrer/json-sync",66,6,"2010-04-26T20:57:12Z","2023-05-08T11:46:36Z","","false"
"bazelbuild/rules_rust",535,326,"2016-03-15T15:19:27Z","2023-08-07T10:25:49Z","https://bazelbuild.github.io/rules_rust/","false"
"google/cargo-raze",468,118,"2018-02-12T15:30:52Z","2023-07-22T13:50:49Z","","false"
"spullara/interviewcode",39,5,"2015-08-24T21:05:25Z","2021-12-18T01:35:59Z",,"false"
"dryan/twitter-text-py",82,32,"2010-06-22T21:29:21Z","2023-02-27T07:38:03Z","http://dryan.github.io/twitter-text-py/","false"
"twitter/twitter-text",3011,520,"2014-12-03T16:06:17Z","2023-08-05T00:57:17Z","https://developer.twitter.com/en/docs/counting-characters","false"
"vsco/dcdr",179,13,"2016-01-19T18:14:19Z","2023-05-10T13:55:47Z","","false"
"google/closure-compiler",7034,1177,"2014-04-16T15:30:36Z","2023-08-07T13:29:59Z","https://developers.google.com/closure/compiler/","false"
"bazelbuild/bazel",21195,3834,"2014-06-12T16:00:38Z","2023-08-07T12:49:00Z","https://bazel.build","false"
"bazelbuild/rules_go",1266,609,"2016-03-15T15:15:14Z","2023-08-04T02:59:01Z",,"false"
"bazelruby/rules_ruby",91,31,"2019-11-09T01:03:04Z","2023-06-21T13:20:42Z","","false"
"dtolnay/cxx",4912,291,"2019-12-27T06:04:37Z","2023-08-07T06:47:10Z","https://cxx.rs","false"
"facebook/react-native",111112,23665,"2015-01-09T18:10:16Z","2023-08-07T13:35:07Z","https://reactnative.dev","false"
"jin/awesome-bazel",1017,123,"2017-10-24T14:44:24Z","2023-08-06T01:02:22Z","https://jin.github.io/awesome-bazel","false"
"necolas/react-native-web",20913,1807,"2015-06-09T19:25:38Z","2023-08-07T13:25:49Z","https://necolas.github.io/react-native-web","false"
"chromium/chromium",15404,5755,"2018-02-05T20:55:32Z","2023-08-07T13:30:00Z","https://chromium.googlesource.com/chromium/src/","false"
"nwjs/chromium.src",144,133,"2016-01-27T14:17:03Z","2023-07-03T15:36:52Z","","false"
"Rob--W/dont-track-me-google",384,25,"2016-07-09T07:26:01Z","2023-08-05T13:51:55Z",,"false"
"mozilla/web-ext",2373,333,"2016-02-01T18:08:32Z","2023-08-07T11:53:46Z",,"true"
"mozilla/addons-linter",278,159,"2015-09-14T08:34:44Z","2023-07-14T17:11:40Z","","true"
"mdn/browser-compat-data",4553,2102,"2016-03-29T18:50:07Z","2023-08-06T08:58:16Z","https://developer.mozilla.org","false"
"mdn/webextensions-examples",3712,2618,"2015-08-14T19:55:54Z","2023-08-05T14:42:09Z","https://developer.mozilla.org/en-US/Add-ons/WebExtensions","true"
"nwjs/blink",100,44,"2013-06-03T05:07:00Z","2023-04-21T15:56:10Z","","false"
"ladjs/supertest",13152,781,"2012-06-27T20:56:12Z","2023-08-06T20:43:12Z","","false"
"Samsung/ChromiumGStreamerBackend",144,55,"2015-06-17T02:00:00Z","2023-06-28T10:58:36Z",,"false"
"onsip/SIP.js",1703,669,"2013-12-20T16:48:31Z","2023-08-07T11:00:58Z","https://sipjs.com","false"
"operasoftware/operaprestodriver",146,64,"2011-02-08T17:48:50Z","2023-03-08T09:20:52Z","http://code.google.com/p/selenium/wiki/OperaDriver","false"
"jshint/jshint",8914,1759,"2011-01-19T22:28:53Z","2023-08-07T11:16:40Z","http://jshint.com","false"
"mozilla/addons-server",830,544,"2014-01-31T18:44:15Z","2023-08-06T21:32:36Z","https://addons.mozilla.org/","true"
"mozsearch/mozsearch",185,60,"2015-03-16T05:03:18Z","2023-07-12T09:55:37Z","https://searchfox.org/","false"
"CodeYellowBV/chartist-plugin-legend",115,64,"2015-03-20T11:41:13Z","2023-05-08T00:10:37Z","https://codeyellowbv.github.io/chartist-plugin-legend/","false"
"RadLikeWhoa/Countable",1639,141,"2013-03-09T03:20:42Z","2023-07-11T09:54:55Z","https://sacha.me/Countable","false"
"goldfire/howler.js",21956,2182,"2013-01-28T16:47:12Z","2023-08-07T07:36:37Z","https://howlerjs.com","false"
"mozilla/addons-validator",278,159,"2015-09-14T08:34:44Z","2023-07-14T17:11:40Z","","false"
"SeleniumHQ/selenium",27287,7697,"2013-01-14T21:40:56Z","2023-08-07T13:26:36Z","https://selenium.dev","false"
"adblockplus/adblockpluschrome",539,168,"2015-10-12T15:13:18Z","2023-07-25T07:07:17Z","https://adblockplus.org","false"
"adblockplus/backup-adblockpluschrome",220,89,"2012-01-05T06:37:39Z","2023-04-13T07:56:42Z","http://adblockplus.org/","false"
"angular/angular.js",59109,28080,"2010-01-06T00:34:37Z","2023-08-06T00:49:31Z","https://angularjs.org","false"
"blittle/chrome-dev-tools",352,32,"2014-04-11T21:20:11Z","2023-07-12T18:21:47Z",,"false"
"facebook/react-devtools",11025,1863,"2013-09-04T20:28:43Z","2023-08-07T07:33:44Z","","false"
"google/WebFundamentals",13832,2726,"2014-04-28T18:45:45Z","2023-08-07T07:39:41Z","","false"
"gorhill/uBlock",36863,2782,"2015-04-01T17:51:11Z","2023-08-07T12:35:34Z","","false"
"mathiasbynens/document.scrollingElement",129,19,"2015-04-09T13:36:18Z","2023-04-02T13:04:01Z","https://mths.be/scrollingelement","false"
"mochajs/mocha",22125,3022,"2011-03-07T18:44:25Z","2023-08-07T13:51:09Z","https://mochajs.org","false"
"mozilla/amo-validator",61,46,"2011-03-05T00:24:22Z","2023-07-28T17:37:28Z","","false"
"tobie/specref",154,140,"2013-05-16T20:02:09Z","2023-08-06T18:47:07Z","http://www.specref.org/","false"
"uBlock-LLC/uBlock",8135,486,"2014-06-22T23:54:34Z","2023-08-04T20:21:55Z","https://ublock.org/","false"
"versatica/JsSIP",2232,721,"2012-07-09T07:16:01Z","2023-08-03T14:46:50Z","https://jssip.net","false"
"James-Yu/LaTeX-Workshop",9624,501,"2016-12-26T08:23:24Z","2023-08-07T13:00:02Z","","false"
"microsoft/vscode",149046,26494,"2015-09-03T20:23:38Z","2023-08-07T13:35:04Z","https://code.visualstudio.com","false"
"eamodio/vscode-gitlens",8306,1043,"2016-08-08T14:50:30Z","2023-08-07T08:24:22Z","http://gitkraken.com/gitlens","false"
"josdejong/workerpool",1629,138,"2014-05-02T18:34:29Z","2023-08-07T12:20:03Z","","false"
"beautify-web/js-beautify",8207,1398,"2008-12-04T06:35:54Z","2023-08-07T06:52:24Z","https://beautifier.io","false"
"timdream/jszhuyin",213,22,"2012-12-02T12:45:11Z","2023-07-31T08:53:10Z","https://jszhuyin.timdream.org/","false"
"wojtekmaj/react-pdf",7455,778,"2016-08-01T13:46:02Z","2023-08-07T08:35:40Z","https://projects.wojtekmaj.pl/react-pdf","false"
"wojtekmaj/react-calendar",3139,464,"2017-07-27T20:54:20Z","2023-08-07T11:24:01Z","https://projects.wojtekmaj.pl/react-calendar","false"
"honestbleeps/Reddit-Enhancement-Suite",3851,890,"2011-11-01T16:31:51Z","2023-08-06T04:20:04Z","http://redditenhancementsuite.com","false"
"jestjs/jest",42452,6416,"2013-12-10T00:18:04Z","2023-08-07T12:26:51Z","https://jestjs.io","false"
"dbhowell/pino-cloudwatch",35,15,"2017-09-19T04:52:21Z","2023-03-18T15:56:20Z",,"false"
"anushbmx/CSS-Cursors",36,11,"2015-11-04T16:59:47Z","2022-08-22T01:24:45Z",,"false"
"facebook/prop-types",4365,388,"2017-04-08T00:50:30Z","2023-08-04T07:19:33Z",,"false"
"webpack/webpack-dev-server",7666,1481,"2012-09-17T10:52:18Z","2023-08-05T12:40:37Z","","false"
"GoogleChrome/lighthouse",26884,9428,"2016-03-08T01:03:11Z","2023-08-07T09:12:21Z","https://developer.chrome.com/docs/lighthouse/overview/","false"
"GoogleChrome/puppeteer",84147,9043,"2017-05-09T22:16:13Z","2023-08-07T13:03:30Z","https://pptr.dev","false"
"STRML/react-draggable",8411,1016,"2014-07-24T22:32:16Z","2023-08-07T04:36:35Z","","false"
"STRML/react-grid-layout",18093,2430,"2014-12-27T14:28:40Z","2023-08-07T12:41:14Z","https://react-grid-layout.github.io/react-grid-layout/examples/0-showcase.html","false"
"desktop/desktop",17982,9411,"2016-05-11T15:59:00Z","2023-08-07T12:55:34Z","https://desktop.github.com","false"
"gaearon/react-hot-loader",12254,839,"2014-07-12T23:49:43Z","2023-07-31T07:05:46Z","http://gaearon.github.io/react-hot-loader/","false"
"oliviertassinari/react-event-listener",361,39,"2015-06-08T22:31:30Z","2023-07-11T17:23:57Z","","false"
"webpack/webpack",63365,8814,"2012-03-10T10:08:14Z","2023-08-07T13:04:28Z","https://webpack.js.org","false"
"winstonjs/winston-daily-rotate-file",798,145,"2015-09-18T21:54:38Z","2023-08-04T12:19:24Z",,"false"
"bytecodealliance/wasmparser",177,48,"2017-06-02T16:47:28Z","2023-02-13T17:27:23Z","","false"
"wasdk/wasmparser",61,19,"2016-11-01T21:08:06Z","2023-07-20T21:15:36Z",,"false"
"yurydelendik/rtmp.js",76,20,"2013-04-16T20:10:34Z","2023-01-28T18:52:57Z",,"false"
"firefox-devtools/debugger",4610,822,"2016-03-23T18:55:36Z","2023-08-02T17:13:16Z","https://firefox-dev.tools/","false"
"stoklund/cretonne",2482,210,"2016-01-24T02:04:11Z","2023-08-05T11:03:05Z","https://cranelift.readthedocs.io/","false"
"WebAssembly/tool-conventions",245,65,"2016-05-27T00:35:36Z","2023-07-29T20:29:10Z",,"false"
"apple/swift-lldb",673,215,"2015-10-23T21:13:18Z","2023-08-04T18:16:07Z","","false"
"llvm-mirror/lldb",434,233,"2012-01-28T00:32:34Z","2023-07-31T11:43:26Z","http://lldb.llvm.org","false"
"WebAssembly/testsuite",152,53,"2015-10-13T01:27:51Z","2023-08-07T00:04:12Z",,"false"
"WebAssembly/website",261,184,"2015-10-09T16:29:17Z","2023-08-02T23:25:15Z","https://webassembly.org","false"
"gimli-rs/object",477,119,"2016-08-19T20:41:55Z","2023-08-05T04:14:50Z","https://crates.io/crates/object","false"
"llvm-mirror/lld",201,159,"2013-01-04T18:57:02Z","2023-07-23T06:49:48Z","","false"
"mdn/webassembly-examples",1032,256,"2017-02-22T16:49:20Z","2023-08-07T13:27:03Z",,"true"
"quilljs/quill",36597,3095,"2012-07-30T23:23:18Z","2023-08-07T11:53:20Z","https://quilljs.com","false"
"lrascao/rebar3_appup_plugin",73,24,"2016-02-10T23:09:35Z","2023-07-26T05:31:05Z","","false"
"Elgg/Elgg",1598,688,"2009-09-06T17:10:11Z","2023-08-07T08:01:08Z","https://elgg.org","false"
"Operational-Transformation/ot.js",1948,212,"2012-03-22T13:17:01Z","2023-08-04T00:26:28Z","","false"
"archaelus/esmtp",75,31,"2008-10-20T20:17:24Z","2023-08-04T08:38:14Z","","false"
"epgsql/epgsql",387,151,"2014-02-13T15:14:58Z","2023-08-04T07:32:36Z","","false"
"erlang/otp",10611,2940,"2009-11-16T17:17:57Z","2023-08-06T10:04:14Z","http://erlang.org","false"
"gctools-outilsgc/gcconnex",49,44,"2014-08-08T17:56:24Z","2023-02-03T16:57:52Z","","false"
"gen-smtp/gen_smtp",655,263,"2009-05-21T23:18:49Z","2023-08-06T07:03:15Z","","false"
"quilljs/delta",764,121,"2016-10-08T02:37:13Z","2023-08-07T08:24:16Z",,"false"
"quilljs/parchment",552,139,"2015-04-30T22:06:57Z","2023-08-07T08:20:35Z",,"false"
"stems/join-monster",2594,226,"2016-09-15T18:22:09Z","2023-08-01T17:38:09Z","http://join-monster.readthedocs.io/en/latest/","false"
"uwiger/gproc",1043,236,"2010-02-11T10:32:08Z","2023-07-21T22:53:55Z","","false"
"Tinob/Ishiiruka",343,118,"2014-02-27T19:23:52Z","2023-07-27T02:01:21Z",,"false"
"dolphin-emu/dolphin",10797,2364,"2013-07-22T09:07:57Z","2023-08-07T09:15:52Z","https://dolphin-emu.org","false"
"MinecraftForge/ForgeGradle",480,413,"2013-10-25T02:57:45Z","2023-07-25T13:49:45Z",,"false"
"hrydgard/ppsspp",9064,2024,"2012-11-01T08:41:48Z","2023-08-07T13:39:07Z","https://www.ppsspp.org","false"
"MinecraftForge/Documentation",450,200,"2015-04-20T03:34:18Z","2023-08-05T17:31:57Z",,"false"
"MinecraftForge/MinecraftForge",6299,2574,"2012-01-30T01:35:01Z","2023-08-07T09:27:36Z","https://files.minecraftforge.net/","false"
"mezz/JustEnoughItems",655,282,"2014-09-30T22:26:10Z","2023-08-07T08:34:54Z","https://www.curseforge.com/minecraft/mc-mods/jei","false"
"UWFlow/rmc",231,73,"2012-08-31T18:33:38Z","2023-07-24T15:04:28Z","https://uwflow.com","false"
"VundleVim/Vundle.vim",23562,2590,"2010-10-17T23:17:53Z","2023-08-07T03:09:38Z","http://github.com/VundleVim/Vundle.Vim","false"
"corbanbrook/audionode.js",74,13,"2010-07-13T16:12:28Z","2023-04-03T22:42:06Z","http://weare.buildingsky.net","false"
"yurydelendik/zbarjs",51,20,"2013-07-08T21:00:59Z","2023-02-21T15:10:31Z",,"false"
"operasoftware/dragonfly",156,46,"2012-07-04T13:41:49Z","2023-05-12T02:40:32Z","http://www.opera.com/dragonfly/","false"
"publicsuffix/list",1660,1116,"2015-05-19T15:12:26Z","2023-07-25T15:08:16Z","https://publicsuffix.org/","false"
"waddlesplash/QMidi",76,36,"2012-11-27T00:40:59Z","2023-06-08T19:43:03Z","","false"
"waddlesplash/qtmidi",76,36,"2012-11-27T00:40:59Z","2023-06-08T19:43:03Z","","false"
"github-linguist/linguist",11209,4208,"2011-05-09T22:53:13Z","2023-08-07T07:11:41Z","","false"
"haikuports/haikuports",346,277,"2015-06-30T00:15:33Z","2023-07-24T03:46:45Z","","false"
"mattgraham/leapday",104,73,"2012-04-04T21:48:06Z","2023-03-30T00:37:02Z","","false"
